<?xml version="1.0"?>
<config xmlns:xsi="http://www.w3.org/2001/XMLSchema-instance" xsi:noNamespaceSchemaLocation="urn:magento:framework:Acl/etc/acl.xsd">
    <acl>
        <resources>
            <resource id="Magento_Backend::admin">
                <resource id="Delovunity_OutOfStock::outofstock" title="Hello World" sortOrder="51">
                    <resource id="Delovunity_OutOfStock::subscriptions" title="Subscriptions" sortOrder="99" />
                </resource>
                </resource>
        </resources>
    </acl>
</config>
